title,year,region,country,category,summary,lat,lng,impactlevel,tags
Unification of Upper and Lower Egypt,-3100,,,Politics,,,,city,
Roswell UFO Incident,1947,"Roswell, New Mexico, USA",USA,Conspiracy / Aliens,A UFO allegedly crashed near Roswell; claims that government recovered alien bodies and covered it up.,33.3943,-104.523,city,
Free Energy Suppression,1900,Global / USA,Global / USA,Conspiracy / Suppressed Tech,"The theory that governments/corporations suppress free energy inventions (Tesla, cold fusion, etc.) to protect energy interests.",39.7837,-100.4459,world,
Project MKUltra,1953,United States,United States,Conspiracy / Mind Control,"CIA covert experiments on human subjects with LSD, hypnosis, and psychotropic drugs without consent.",38.9072,-77.0369,country,
Operation Midnight Climax,1954,"San Francisco, New York City, USA",USA,Conspiracy / Mind Control,CIA ran safehouses where subjects were dosed with LSD covertly and monitored behind one-way mirrors.,37.7749,-122.4194,city,
Project FUBELT (Track II),1970,Chile,Chile,Conspiracy / Covert Ops,"CIA operations to prevent Salvador Allende’s rise via sabotage, political intervention, and coup support.",-33.4489,-70.6693,country,
Project Mockingbird,1950,United States,United States,Conspiracy / Media Control,"CIA program to influence news media, censor, and direct journalism to align with intelligence objectives.",38.9072,-77.0369,country,
Farewell Dossier / Technology Espionage,1981,USSR / France / USA,USSR / France / USA,Conspiracy / State Tech Suppression,"Defector Vetrov exposed Soviet tech espionage, leading to disinformation countermeasures.",55.7558,37.6173,country,
Suppressed / Fringe Technologies,1920,Global,Global,Conspiracy / Suppressed Tech,"Claims that wireless electricity, antigravity, HAARP, and fringe inventions have been suppressed by governments.",40.0,-30.0,world,
